{"cameraMode":{"drawMode":0,"name":"Shaded","section":"Shading Mode"},"sceneLighting":true,"audioPlay":false,"sceneViewState":{"showFog":true,"showMaterialUpdate":false,"showSkybox":true,"showFlares":true,"showImageEffects":true,"showParticleSystems":true},"in2DMode":false,"pivot":{"x":-6.542641639709473,"y":-55.8248291015625,"z":37.17681121826172},"rotation":{"x":0.4705624580383301,"y":0.0013762640301138163,"z":-0.0004969349247403443,"w":0.8824272155761719},"size":38.6761360168457,"orthographic":false}